Population,Field_Year,Generation,Block,Transect,Sequence,Left_Or_Right,Donor,Recipient,Plant_ID,Total_Closed_Fruits,Total_Fruits,Tot_Seed_Num(ClosedFt),Mean_Ind_Seed_Mass_mg,Mean_Seeds_per_Fruit,Lifetime_Fecundity,Stem_Biomass,Corolla_Diameter,Corolla_Area,Leaf_Area_mm2,FFD,LFD,fl_duration
Hastings,2022,G1,1,1,1,NA,HR_008,HR_058,2,28,29,11,3.784583333,0.392857143,11.39285714,123.09,22.031,288.273,33.764,3/31/22,4/26/22,26
Hastings,2022,G1,1,1,2,NA,HR_196,HR_183,2,16,16,11,3.638095238,0.6875,11,NA,19.275,233.033,35.62,3/31/22,4/26/22,26
Hastings,2022,G1,1,1,3,NA,HR_085,HR_176,7,8,11,5,3.128888889,0.625,6.875,28.08,23.45,328.36,21.408,3/24/22,4/26/22,33
Hastings,2022,G1,1,1,4,NA,HR_006,HR_146,8,0,0,0,NA,0,0,NA,20.472,237.198,65.649,3/24/22,4/26/22,33
Hastings,2022,G1,1,1,5,NA,HR_108,HR_177,3,14,14,37,1.929865591,2.642857143,37,39.97,24.48,329.487,45.701,3/24/22,4/20/22,27
Hastings,2022,G1,1,1,6,NA,HR_074,HR_115,6,12,13,24,2.359583333,2,26,62.48,NA,NA,41.022,3/31/22,4/26/22,26
Hastings,2022,G1,1,1,7,NA,HR_180,HR_036,4,8,9,8,3.395,1,9,31.12,NA,NA,39.708,3/31/22,4/14/22,14
Hastings,2022,G1,1,1,8,NA,HR_160,HR_033,5,18,24,21,2.721111111,1.166666667,28,87.33,19.99,261.504,23.203,3/24/22,4/26/22,33
Hastings,2022,G1,1,1,9,NA,HR_070,HR_061,2,19,25,22,4.270396825,1.157894737,28.94736842,61.48,23.06,382.745,39.274,3/24/22,4/26/22,33
Hastings,2022,G1,1,1,10,NA,HR_133,HR_158,4,27,33,69,2.1606,2.555555556,84.33333333,85.29,14.89,143.178,49.817,3/31/22,4/26/22,26
Hastings,2022,G1,1,1,11,NA,HR_108,HR_175,6,9,13,14,2.393571429,1.555555556,20.22222222,51.98,NA,NA,32.396,3/31/22,4/20/22,20
Hastings,2022,G1,1,1,12,NA,HR_164,HR_005,4,25,29,42,3.42952381,1.68,48.72,86.19,23.835,289.23,17.231,3/31/22,5/5/22,35
Hastings,2022,G1,1,1,13,NA,HR_171,HR_057,4,2,5,2,2.855,1,5,21.18,23.514,326.999,28.997,3/31/22,4/20/22,20
Hastings,2022,G1,1,1,14,NA,HR_196,HR_170,5,25,27,53,2.584415205,2.12,57.24,61.78,23.471,290.695,27.191,3/31/22,4/26/22,26
Hastings,2022,G1,1,1,15,NA,HR_148,HR_114,7,8,8,5,4.184,0.625,5,24.14,19.156,227.766,12.188,4/7/22,4/20/22,13
Hastings,2022,G1,1,1,16,NA,HR_069,HR_108,1,13,13,21,3.101380952,1.615384615,21,32.08,19.131,244.052,22.542,4/7/22,4/26/22,19
Hastings,2022,G1,1,1,17,NA,HR_175,HR_196,5,28,28,62,2.05463964,2.214285714,62,120.03,22.906,316.274,47.675,4/7/22,4/26/22,19
Hastings,2022,G1,1,1,18,NA,HR_131,HR_046,6,16,17,6,3.45,0.375,6.375,59.37,20.159,244.543,33.773,4/7/22,5/5/22,28
Hastings,2022,G1,1,1,19,NA,HR_095,HR_020,8,4,4,7,1.915714286,1.75,7,14.53,NA,NA,34.761,4/7/22,4/26/22,19
Hastings,2022,G1,1,1,20,NA,HR_108,HR_016,4,7,7,0,NA,0,0,34.86,20.316,260.823,21.4,4/7/22,4/26/22,19
Hastings,2022,G1,1,1,21,NA,HR_200,HR_010,5,6,9,1,1.57,0.166666667,1.5,NA,17.534,178.511,NA,4/7/22,4/26/22,19
Hastings,2022,G1,1,1,22,NA,HR_164,HR_041,3,2,2,8,1.2875,4,8,NA,24.954,312.341,NA,4/14/22,4/20/22,6
Hastings,2022,G1,1,1,23,NA,HR_168,HR_148,5,5,6,2,0.905,0.4,2.4,57.8,18.034,NA,NA,4/14/22,4/26/22,12
Hastings,2022,G1,1,1,24,NA,HR_121,HR_105,7,3,4,13,1.634615385,4.333333333,17.33333333,NA,18.449,NA,NA,4/20/22,5/5/22,15
Hastings,2022,G1,1,1,25,NA,HR_062,HR_134,4,7,7,2,1.805,0.285714286,2,14.88,21.546,295.681,NA,4/14/22,4/26/22,12
Hastings,2022,G1,1,1,28,NA,HR_005,HR_040,5,5,6,2,2.55,0.4,2.4,20.98,25.65,NA,16.412,4/7/22,4/26/22,19
Hastings,2022,G1,1,1,29,NA,HR_149,HR_007,6,7,9,8,2.29125,1.142857143,10.28571429,29.31,22.207,289.675,14.302,4/7/22,4/26/22,19
Hastings,2022,G1,1,1,30,NA,HR_131,HR_113,5,27,27,6,2.31,0.222222222,6,94.51,22.96,292.302,19.067,4/7/22,5/11/22,34
Hastings,2022,G1,1,1,31,NA,HR_157,HR_095,8,8,8,6,1.733333333,0.75,6,30.01,26.319,397.877,50.648,4/14/22,4/26/22,12
Hastings,2022,G1,1,1,32,NA,HR_131,HR_049,3,11,11,4,2.3625,0.363636364,4,37.05,20.661,248.931,55.611,4/7/22,5/11/22,34
Hastings,2022,G1,1,1,33,NA,HR_062,HR_136,3,13,13,3,3.966666667,0.230769231,3,NA,24.136,361.178,57.028,4/14/22,4/26/22,12
Hastings,2022,G1,1,1,34,NA,HR_110,HR_032,4,9,11,6,2.22375,0.666666667,7.333333333,78.14,22.4,326.296,77.728,4/7/22,5/5/22,28
Hastings,2022,G1,1,1,35,NA,HR_057,HR_110,6,7,9,8,1.77375,1.142857143,10.28571429,44.98,24.509,349.93,47.171,4/7/22,4/26/22,19
Hastings,2022,G1,1,1,36,NA,HR_059,HR_011,8,11,11,16,1.85375,1.454545455,16,49.68,19.166,212.083,NA,4/7/22,4/26/22,19
Hastings,2022,G1,1,1,37,NA,HR_095,HR_178,6,10,17,10,1.389285714,1,17,35.57,25.146,368.228,59.297,4/7/22,5/5/22,28
Hastings,2022,G1,1,1,38,NA,HR_155,HR_047,2,9,9,8,2.195833333,0.888888889,8,NA,20.479,NA,84.131,4/7/22,4/26/22,19
Hastings,2022,G1,1,1,39,NA,HR_070,HR_123,5,8,10,4,3.021666667,0.5,5,29.31,27.037,468.834,20.625,4/7/22,4/26/22,19
Hastings,2022,G1,1,1,40,NA,HR_053,HR_092,1,9,9,1,2.25,0.111111111,1,40.84,25.389,291.844,30.692,4/14/22,5/5/22,21
Hastings,2022,G1,1,1,41,NA,HR_110,HR_039,1,5,5,7,2.05,1.4,7,11.93,22.176,276.584,10.351,4/7/22,4/26/22,19
Hastings,2022,G1,1,1,42,NA,HR_160,HR_173,5,1,1,0,NA,0,0,5.2,24.879,383.173,51.697,4/14/22,4/26/22,12
Hastings,2022,G1,1,1,43,NA,HR_189,HR_018,8,0,0,0,NA,0,0,NA,23.408,324.232,58.613,4/7/22,4/26/22,19
Hastings,2022,G1,1,1,44,NA,HR_115,HR_026,4,3,3,1,1.31,0.333333333,1,NA,NA,NA,25.196,4/14/22,4/20/22,6
Hastings,2022,G1,1,1,45,NA,HR_110,HR_037,5,8,8,11,2.213636364,1.375,11,69.81,25.619,336.521,45.424,4/7/22,5/5/22,28
Hastings,2022,G1,1,1,46,NA,HR_006,HR_162,2,10,10,0,NA,0,0,57.18,19.506,235.732,86.98,4/14/22,5/5/22,21
Hastings,2022,G1,1,2,47,NA,HR_100,HR_195,3,7,8,11,3.360833333,1.571428571,12.57142857,30.61,12.235,93.653,37.647,4/14/22,4/20/22,6
Hastings,2022,G1,1,2,48,NA,HR_088,HR_014,6,0,0,0,NA,0,0,NA,23.013,335.051,32.672,3/31/22,4/20/22,20
Hastings,2022,G1,1,2,49,NA,HR_148,HR_050,1,11,12,14,4.306944444,1.272727273,15.27272727,36.32,22.099,305.403,46.373,3/24/22,4/14/22,21
Hastings,2022,G1,1,2,50,NA,HR_175,HR_027,8,0,0,0,NA,0,0,NA,23.37,332.921,NA,3/24/22,4/20/22,27
Hastings,2022,G1,1,2,51,NA,HR_157,HR_085,4,30,35,42,2.782928571,1.4,49,118.36,26.863,464.299,38.244,3/24/22,4/26/22,33
Hastings,2022,G1,1,2,52,NA,HR_141,HR_015,6,5,12,5,1.63,1,12,80.49,23.131,313.631,71.504,3/31/22,4/26/22,26
Hastings,2022,G1,1,2,53,NA,HR_034,HR_112,3,31,35,67,2.029832201,2.161290323,75.64516129,123.33,23.737,351.041,77.543,3/24/22,4/26/22,33
Hastings,2022,G1,1,2,54,NA,HR_005,HR_149,1,29,29,5,2.6925,0.172413793,5,93.27,26.362,423.887,84.294,4/7/22,5/5/22,28
Hastings,2022,G1,1,2,55,NA,HR_027,HR_119,5,14,15,29,3.12034188,2.071428571,31.07142857,53.68,24.9,383.697,44.178,3/24/22,4/20/22,27
Hastings,2022,G1,1,2,56,NA,HR_085,HR_107,6,18,18,14,1.600555556,0.777777778,14,76.26,23.548,388.177,56.903,3/31/22,5/5/22,35
Hastings,2022,G1,1,2,57,NA,HR_133,HR_072,7,19,19,20,2.379423077,1.052631579,20,115.22,15.99,NA,40.948,3/24/22,4/26/22,33
Hastings,2022,G1,1,2,58,NA,HR_133,HR_161,8,21,23,63,1.454066667,3,69,66.77,19.962,257.983,32.002,3/24/22,4/26/22,33
Hastings,2022,G1,1,2,59,NA,HR_085,HR_035,6,6,6,4,4.485,0.666666667,4,29.95,21.062,278.717,57.312,3/24/22,4/20/22,27
Hastings,2022,G1,1,2,60,NA,HR_090,HR_126,7,21,21,36,2.084794255,1.714285714,36,58.09,17.893,180.732,53.651,3/24/22,4/26/22,33
Hastings,2022,G1,1,2,61,NA,HR_053,HR_169,5,44,49,70,3.033298413,1.590909091,77.95454545,168.19,22.75,319.662,26.76,3/24/22,4/26/22,33
Hastings,2022,G1,1,2,62,NA,HR_125,HR_034,5,22,28,36,2.203060345,1.636363636,45.81818182,72.14,23.621,350.741,49.058,3/31/22,4/26/22,26
Hastings,2022,G1,1,2,63,NA,HR_164,HR_201,6,13,16,21,3.101269841,1.615384615,25.84615385,84.65,21.336,293.717,38.599,3/31/22,4/20/22,20
Hastings,2022,G1,1,2,64,NA,HR_034,HR_080,1,11,11,11,1.088833333,1,11,45.67,19.642,236.462,38.621,3/31/22,4/26/22,26
Hastings,2022,G1,1,2,65,NA,HR_155,HR_121,1,8,8,7,2.268333333,0.875,7,34.69,NA,NA,36.488,3/31/22,4/20/22,20
Hastings,2022,G1,1,2,66,NA,HR_168,HR_101,3,7,9,13,1.58,1.857142857,16.71428571,19.72,19.413,232.687,16.636,4/7/22,4/20/22,13
Hastings,2022,G1,1,2,67,NA,HR_053,HR_038,8,12,17,8,1.635,0.666666667,11.33333333,45.67,18.126,201.13,23.502,3/31/22,4/20/22,20
Hastings,2022,G1,1,2,68,NA,HR_005,HR_180,6,5,5,8,2.1875,1.6,8,8.93,20.628,256.546,NA,4/7/22,4/20/22,13
Hastings,2022,G1,1,2,69,NA,HR_139,HR_129,1,5,5,4,2.7075,0.8,4,14.65,NA,NA,57.614,4/7/22,4/14/22,7
Hastings,2022,G1,1,2,70,NA,HR_157,HR_088,8,1,2,2,1.395,2,4,5.33,NA,NA,24.708,4/7/22,4/7/22,0
Hastings,2022,G1,1,2,71,NA,HR_006,HR_142,4,3,3,0,NA,0,0,12.66,NA,NA,38.677,4/7/22,4/26/22,19
Hastings,2022,G1,1,2,72,NA,HR_200,HR_153,4,2,2,2,2.32,1,2,10.59,22.254,313.694,60.61,4/7/22,4/20/22,13
Hastings,2022,G1,1,2,73,NA,HR_125,HR_086,1,2,4,2,0.985,1,4,32.19,23.265,327.875,51.18,4/7/22,4/26/22,19
Hastings,2022,G1,1,2,74,NA,HR_171,HR_073,3,3,3,0,NA,0,0,16.03,20.842,254.172,44.896,4/7/22,4/14/22,7
Hastings,2022,G1,1,2,75,NA,HR_057,HR_006,6,7,8,7,1.881666667,1,8,38.46,23.792,315.319,21.733,4/7/22,4/26/22,19
Hastings,2022,G1,1,2,76,NA,HR_139,HR_062,5,3,5,0,NA,0,0,21.53,17.837,210.027,50.698,3/31/22,4/14/22,14
Hastings,2022,G1,1,2,77,NA,HR_196,HR_054,1,12,12,6,3.114,0.5,6,57.52,24.779,NA,42.918,4/7/22,4/26/22,19
Hastings,2022,G1,1,2,78,NA,HR_180,HR_023,2,3,3,7,1.879166667,2.333333333,7,9.29,21.897,312.198,80.819,4/7/22,4/20/22,13
Hastings,2022,G1,1,2,79,NA,HR_195,HR_104,4,7,7,7,2.3895,1,7,13.83,22.486,314.025,24.545,4/7/22,4/26/22,19
Hastings,2022,G1,1,2,80,NA,HR_027,HR_145,3,1,1,0,NA,0,0,4.81,16.108,145.273,44.932,4/7/22,4/7/22,0
Hastings,2022,G1,1,2,81,NA,HR_008,HR_012,7,7,7,6,3.29,0.857142857,6,46.68,25.4,377.208,67.735,4/7/22,4/26/22,19
Hastings,2022,G1,1,2,82,NA,HR_070,HR_165,8,12,12,11,3.996363636,0.916666667,11,95.49,27.051,437.844,27.108,4/7/22,4/26/22,19
Hastings,2022,G1,1,2,83,NA,HR_168,HR_064,8,7,7,21,2.085238095,3,21,28.21,21.607,316.957,36.231,4/7/22,4/26/22,19
Hastings,2022,G1,1,2,84,NA,HR_066,HR_137,8,33,39,72,1.870919048,2.181818182,85.09090909,126.81,20.478,287.073,40.512,4/7/22,5/5/22,28
Hastings,2022,G1,1,2,85,NA,HR_027,HR_043,4,3,3,7,2.331428571,2.333333333,7,19.78,21.223,285.114,29.698,4/7/22,4/20/22,13
Hastings,2022,G1,1,2,86,NA,HR_189,HR_051,3,5,5,0,NA,0,0,28.92,19.759,265.044,27.869,4/7/22,4/20/22,13
Hastings,2022,G1,1,2,87,NA,HR_069,HR_133,6,6,6,11,1.600833333,1.833333333,11,15.6,26.03,430.212,22.122,4/7/22,4/26/22,19
Hastings,2022,G1,1,2,88,NA,HR_066,HR_078,2,5,5,3,0.843333333,0.6,3,13.07,19.895,237.32,19.457,4/7/22,4/20/22,13
Hastings,2022,G1,1,2,89,NA,HR_175,HR_164,3,3,3,2,1.76,0.666666667,2,NA,23.341,349.269,51.045,4/7/22,4/26/22,19
Hastings,2022,G1,1,2,90,NA,HR_148,HR_109,8,9,9,9,2.4275,1,9,25.38,18.108,233.193,24.032,4/7/22,4/20/22,13
Hastings,2022,G1,1,2,91,NA,HR_002,HR_071,7,9,11,4,1.9525,0.444444444,4.888888889,37.4,24.671,380.678,21.73,4/7/22,4/26/22,19
Hastings,2022,G1,1,2,92,NA,HR_002,HR_059,5,6,6,3,1.773333333,0.5,3,25.11,22.444,323.294,57.24,4/7/22,4/26/22,19
Hastings,2022,G1,1,3,93,NA,HR_074,HR_070,7,0,0,0,NA,0,0,NA,23.025,296.596,38.01,3/24/22,4/14/22,21
Hastings,2022,G1,1,3,94,NA,HR_155,HR_009,8,11,12,22,2.703416667,2,24,67.73,21.396,303.077,56.073,3/24/22,4/20/22,27
Hastings,2022,G1,1,3,95,NA,HR_115,HR_131,6,16,20,13,2.384305556,0.8125,16.25,90.32,25.638,379.495,45.966,3/24/22,4/27/22,34
Hastings,2022,G1,1,3,96,NA,HR_066,HR_087,7,0,0,0,NA,0,0,NA,21.769,296.394,38.537,3/24/22,4/20/22,27
Hastings,2022,G1,1,3,97,NA,HR_147,HR_118,8,25,37,21,2.799949495,0.84,31.08,212.73,24.19,351.562,110.058,3/16/22,4/27/22,42
Hastings,2022,G1,1,3,98,NA,HR_088,HR_182,3,9,14,1,6.83,0.111111111,1.555555556,60.77,21.551,275.544,NA,3/24/22,4/20/22,27
Hastings,2022,G1,1,3,99,NA,HR_034,HR_017,8,13,17,4,2.503333333,0.307692308,5.230769231,78.95,25.018,332.183,101.36,3/24/22,5/11/22,48
Hastings,2022,G1,1,3,100,NA,HR_064,HR_028,1,30,31,18,2.3755,0.6,18.6,NA,24.085,367.682,26.688,3/31/22,5/5/22,35
Hastings,2022,G1,1,3,101,NA,HR_135,HR_004,3,0,2,0,NA,0,0,13.51,19.27,239.972,41.323,3/24/22,4/7/22,14
Hastings,2022,G1,1,3,102,NA,HR_090,HR_103,2,15,21,19,3.1385,1.266666667,26.6,79.01,21.538,274.722,37.969,3/24/22,4/20/22,27
Hastings,2022,G1,1,3,103,NA,HR_147,HR_021,4,12,22,13,3.799861111,1.083333333,23.83333333,96.04,18.326,238.952,54.496,3/31/22,4/20/22,20
Hastings,2022,G1,1,3,104,NA,HR_149,HR_174,7,4,5,4,1.413333333,1,5,11,NA,NA,16.636,3/24/22,4/20/22,27
Hastings,2022,G1,1,3,105,NA,HR_156,HR_193,6,23,25,23,3.54375,1,25,104.28,NA,NA,31.784,3/24/22,4/27/22,34
Hastings,2022,G1,1,3,106,NA,HR_135,HR_152,1,8,9,7,2.331,0.875,7.875,26.72,20.544,276.711,46.065,3/24/22,4/14/22,21
Hastings,2022,G1,1,3,107,NA,HR_147,HR_150,2,13,15,7,5.932666667,0.538461538,8.076923077,46.99,21.166,245.619,37.001,3/24/22,4/27/22,34
Hastings,2022,G1,1,3,108,NA,HR_062,HR_116,5,25,39,12,3.995,0.48,18.72,NA,25.141,380.93,46.292,3/31/22,5/11/22,41
Hastings,2022,G1,1,3,109,NA,HR_064,HR_190,4,16,16,18,3.734666667,1.125,18,60.74,24.215,345.918,24.53,3/24/22,4/14/22,21
Hastings,2022,G1,1,3,110,NA,HR_064,HR_019,5,31,40,44,2.427258687,1.419354839,56.77419355,175.76,14.971,125.469,38.46,3/24/22,4/20/22,27
Hastings,2022,G1,1,3,111,NA,HR_180,HR_179,7,21,23,20,3.335833333,0.952380952,21.9047619,79.25,NA,NA,18.23,3/24/22,4/27/22,34
Hastings,2022,G1,1,3,112,NA,HR_189,HR_168,4,12,14,10,3.464444444,0.833333333,11.66666667,43.86,19.18,231.784,38.623,3/24/22,4/20/22,27
Hastings,2022,G1,1,3,113,NA,HR_069,HR_156,5,41,43,23,2.427791667,0.56097561,24.12195122,123.06,NA,NA,31.212,3/24/22,4/27/22,34
Hastings,2022,G1,1,3,114,NA,HR_088,HR_067,5,11,11,1,5.54,0.090909091,1,62.15,15.729,150.717,17.987,3/31/22,5/11/22,41
Hastings,2022,G1,1,3,115,NA,HR_074,HR_066,7,4,8,6,2.54875,1.5,12,47.92,18.32,196.701,33.255,3/31/22,4/27/22,27
Hastings,2022,G1,1,3,116,NA,HR_200,HR_159,3,18,28,11,2.09175,0.611111111,17.11111111,60.64,19.34,255.231,50.609,3/24/22,4/27/22,34
Hastings,2022,G1,1,3,117,NA,HR_100,HR_135,4,22,22,5,5.55,0.227272727,5,293.28,19.94,273.478,23.82,3/31/22,5/11/22,41
Hastings,2022,G1,1,3,118,NA,HR_121,HR_141,5,28,31,110,1.992903704,3.928571429,121.7857143,179.7,NA,NA,15.078,3/31/22,4/20/22,20
Hastings,2022,G1,1,3,119,NA,HR_195,HR_181,5,9,9,8,3.7,0.888888889,8,48.16,22.12,340.728,41.393,3/24/22,4/27/22,34
Hastings,2022,G1,1,3,120,NA,HR_059,HR_155,7,20,23,34,2.527471264,1.7,39.1,143.3,22.658,286.564,93.349,3/31/22,4/27/22,27
Hastings,2022,G1,1,3,121,NA,HR_171,HR_001,7,9,9,14,2.2975,1.555555556,14,36.66,22.9,283.099,70.386,3/31/22,4/20/22,20
Hastings,2022,G1,1,3,122,NA,HR_115,HR_111,3,6,7,4,1.5925,0.666666667,4.666666667,25.56,19.68,259.7,103.683,4/7/22,4/20/22,13
Hastings,2022,G1,1,3,123,NA,HR_195,HR_068,2,5,5,4,3.4375,0.8,4,12.16,NA,NA,15.685,3/31/22,4/20/22,20
Hastings,2022,G1,1,3,124,NA,HR_002,HR_056,7,16,18,36,3.201666667,2.25,40.5,54.9,25.264,387.975,30.303,3/31/22,4/20/22,20
Hastings,2022,G1,1,3,125,NA,HR_095,HR_124,6,11,11,21,3.29275,1.909090909,21,86.46,NA,NA,220.554,3/31/22,4/14/22,14
Hastings,2022,G1,1,3,126,NA,HR_057,HR_147,7,14,16,10,2.8475,0.714285714,11.42857143,58.62,20.998,297.972,44.606,3/31/22,4/27/22,27
Hastings,2022,G1,1,3,127,NA,HR_156,HR_197,3,9,9,15,1.493666667,1.666666667,15,20.25,NA,NA,27.667,4/14/22,4/20/22,6
Hastings,2022,G1,1,3,128,NA,HR_149,HR_065,6,37,37,51,2.656413043,1.378378378,51,139.51,21.954,300.867,24.3,3/31/22,4/27/22,27
Hastings,2022,G1,1,3,129,NA,HR_141,HR_044,8,19,19,34,2.122309764,1.789473684,34,127.53,26.495,386.381,30.472,3/31/22,4/27/22,27
Hastings,2022,G1,1,3,130,NA,HR_139,HR_127,7,15,16,36,2.762628205,2.4,38.4,62.03,20.452,255.472,23.641,3/31/22,4/20/22,20
Hastings,2022,G1,1,3,131,NA,HR_100,HR_192,1,0,0,0,NA,0,0,24.54,20.143,235.192,42.474,4/14/22,4/14/22,0
Hastings,2022,G1,1,3,132,NA,HR_160,HR_079,4,11,11,9,3.735555556,0.818181818,9,46.75,16.065,144.739,38.754,4/7/22,4/27/22,20
Hastings,2022,G1,1,3,133,NA,HR_090,HR_053,3,4,4,0,NA,0,0,17.92,22.116,319.978,30.491,4/7/22,4/20/22,13
Hastings,2022,G1,1,3,134,NA,HR_141,HR_184,6,7,10,5,6.343333333,0.714285714,7.142857143,52.87,NA,NA,72.541,3/31/22,5/11/22,41
Hastings,2022,G1,1,3,135,NA,HR_121,HR_139,2,12,13,15,3.115462963,1.25,16.25,40.05,24.146,327.229,21.566,3/31/22,4/27/22,27
Hastings,2022,G1,1,3,136,NA,HR_059,HR_166,4,4,4,6,2.616666667,1.5,6,20.79,NA,NA,35.34,4/7/22,5/24/22,47
Hastings,2022,G1,1,3,137,NA,HR_008,HR_042,7,4,4,0,NA,0,0,82.96,26.407,370.883,115.691,4/7/22,5/5/22,28
Hastings,2022,G1,2,4,138,NA,HR_085,HR_107,7,18,23,20,3.314901961,1.111111111,25.55555556,177.62,25.106,392.103,62.501,3/31/22,5/11/22,41
Hastings,2022,G1,2,4,139,NA,HR_062,HR_136,3,0,0,0,NA,0,0,NA,20.106,236.023,63.796,3/31/22,5/24/22,54
Hastings,2022,G1,2,4,140,NA,HR_002,HR_071,5,17,18,11,2.724,0.647058824,11.64705882,94.17,25.227,400.026,47.091,3/31/22,4/20/22,20
Hastings,2022,G1,2,4,141,NA,HR_180,HR_036,8,22,23,24,3.316136364,1.090909091,25.09090909,94.47,25.304,387.615,23.338,3/24/22,4/20/22,27
Hastings,2022,G1,2,4,142,NA,HR_069,HR_108,2,7,7,1,2.7,0.142857143,1,46.75,23.832,343.908,45.496,3/31/22,5/11/22,41
Hastings,2022,G1,2,4,143,NA,HR_135,HR_004,3,2,2,0,NA,0,0,6.06,17.013,187.68,25.992,3/31/22,5/11/22,41
Hastings,2022,G1,2,4,144,NA,HR_149,HR_007,7,8,8,11,2.202727273,1.375,11,22.95,22.591,357.748,20.06,3/31/22,4/20/22,20
Hastings,2022,G1,2,4,145,NA,HR_053,HR_169,5,8,8,7,2.769166667,0.875,7,87.16,25.314,371.765,78.729,3/31/22,4/27/22,27
Hastings,2022,G1,2,4,146,NA,HR_108,HR_175,6,11,11,9,2.11525,0.818181818,9,NA,26.865,418.536,33.389,3/31/22,4/20/22,20
Hastings,2022,G1,2,4,147,NA,HR_168,HR_064,4,2,2,1,2.54,0.5,1,4.49,21.137,232.229,16.941,3/31/22,4/14/22,14
Hastings,2022,G1,2,4,148,NA,HR_157,HR_085,5,2,2,1,1.21,0.5,1,NA,20.23,233.294,33.188,4/7/22,4/7/22,0
Hastings,2022,G1,2,4,149,NA,HR_175,HR_164,1,4,4,6,1.396666667,1.5,6,17.74,22.796,306.873,NA,3/31/22,4/20/22,20
Hastings,2022,G1,2,4,150,NA,HR_006,HR_146,7,10,10,14,1.457857143,1.4,14,18.79,NA,NA,46.023,3/24/22,4/20/22,27
Hastings,2022,G1,2,4,151,NA,HR_189,HR_168,4,4,4,4,2.403333333,1,4,11.62,21.788,268.36,18.505,3/31/22,4/14/22,14
Hastings,2022,G1,2,4,152,NA,HR_057,HR_147,5,2,2,12,2.424166667,6,12,30.01,24.387,389.743,20.079,3/31/22,4/14/22,14
Hastings,2022,G1,2,4,153,NA,HR_059,HR_166,6,2,2,6,1.875,3,6,9.5,20.844,289.778,12.764,4/7/22,4/27/22,20
Hastings,2022,G1,2,4,154,NA,HR_074,HR_070,5,6,7,0,NA,0,0,37.55,24.476,326.711,NA,4/7/22,5/4/22,27
Hastings,2022,G1,2,4,155,NA,HR_164,HR_005,8,12,12,9,2.581875,0.75,9,35.1,18.183,193.617,54.875,3/31/22,4/20/22,20
Hastings,2022,G1,2,4,156,NA,HR_085,HR_035,8,7,7,6,2.203333333,0.857142857,6,NA,21.569,283.966,45.595,4/7/22,5/4/22,27
Hastings,2022,G1,2,4,157,NA,HR_008,HR_058,2,7,8,0,NA,0,0,NA,21.815,319.39,31.211,4/7/22,4/14/22,7
Hastings,2022,G1,2,4,158,NA,HR_008,HR_012,1,0,0,0,NA,0,0,NA,25.304,411.356,NA,4/7/22,4/20/22,13
Hastings,2022,G1,2,4,159,NA,HR_027,HR_145,6,7,7,4,1.3775,0.571428571,4,15.73,22.305,331.614,78.208,4/7/22,4/20/22,13
Hastings,2022,G1,2,4,160,NA,HR_125,HR_034,7,3,3,6,3.005,2,6,28.4,20.263,253.139,18.845,4/7/22,4/14/22,7
Hastings,2022,G1,2,4,161,NA,HR_090,HR_053,7,5,6,1,1.32,0.2,1.2,NA,21.785,260.945,28.884,4/7/22,4/20/22,13
Hastings,2022,G1,2,4,162,NA,HR_135,HR_083,4,5,5,1,2.36,0.2,1,26.78,20.421,243.017,18.374,4/7/22,4/20/22,13
Hastings,2022,G1,2,4,163,NA,HR_141,HR_184,8,6,6,6,2.216666667,1,6,24.72,21.21,268.427,13.258,3/31/22,4/27/22,27
Hastings,2022,G1,2,4,164,NA,HR_008,HR_042,8,11,11,1,2.68,0.090909091,1,42.24,18.327,169.753,68.59,3/31/22,5/11/22,41
Hastings,2022,G1,2,4,165,NA,HR_088,HR_067,3,13,13,0,NA,0,0,59.4,16.583,162.391,31.293,3/31/22,5/4/22,34
Hastings,2022,G1,2,4,166,NA,HR_069,HR_156,6,10,10,7,1.933333333,0.7,7,28.33,18.364,213.553,32.298,3/31/22,4/14/22,14
Hastings,2022,G1,2,4,167,NA,HR_147,HR_118,1,5,5,3,2.78,0.6,3,14.41,17.714,191.119,32.423,3/31/22,4/20/22,20
Hastings,2022,G1,2,4,168,NA,HR_100,HR_192,6,2,3,0,NA,0,0,NA,NA,NA,42.248,3/31/22,5/20/22,50
Hastings,2022,G1,2,4,169,NA,HR_121,HR_139,6,10,11,4,3.1625,0.4,4.4,23.95,NA,NA,37.791,3/24/22,4/20/22,27
Hastings,2022,G1,2,4,170,NA,HR_066,HR_078,5,8,8,12,1.529166667,1.5,12,24.58,20.533,249.233,40.721,3/24/22,4/20/22,27
Hastings,2022,G1,2,4,171,NA,HR_034,HR_017,3,15,15,4,3.085,0.266666667,4,59.4,23.61,343.427,65.671,3/31/22,5/4/22,34
Hastings,2022,G1,2,4,172,NA,HR_059,HR_011,4,9,9,11,2.272916667,1.222222222,11,24.56,22.053,316.273,34.967,3/31/22,4/20/22,20
Hastings,2022,G1,2,4,173,NA,HR_090,HR_126,8,29,33,16,2.2578,0.551724138,18.20689655,85.78,24.296,346.205,45.726,3/24/22,4/27/22,34
Hastings,2022,G1,2,4,174,NA,HR_034,HR_080,5,5,6,1,1.93,0.2,1.2,NA,20.325,273.395,46.159,3/31/22,5/20/22,50
Hastings,2022,G1,2,4,175,NA,HR_147,HR_150,5,16,19,8,3.666666667,0.5,9.5,44.26,21.336,266.372,33.854,3/24/22,4/14/22,21
Hastings,2022,G1,2,4,176,NA,HR_131,HR_049,4,14,14,8,2.559285714,0.571428571,8,34.69,18.431,206.796,14.033,3/24/22,4/14/22,21
Hastings,2022,G1,2,4,177,NA,HR_133,HR_158,7,8,10,3,2.985,0.375,3.75,110.1,22.477,313.971,131.899,3/24/22,4/20/22,27
Hastings,2022,G1,2,4,178,NA,HR_175,HR_196,1,10,10,15,2.298,1.5,15,27.2,22.878,322.336,51.605,3/31/22,4/14/22,14
Hastings,2022,G1,2,4,179,NA,HR_070,HR_061,3,0,0,0,NA,0,0,NA,22.967,344.251,112.608,3/31/22,4/27/22,27
Hastings,2022,G1,2,4,180,NA,HR_005,HR_040,5,17,17,14,2.503777778,0.823529412,14,NA,21.807,309.907,35.473,3/31/22,4/27/22,27
Hastings,2022,G1,2,4,181,NA,HR_110,HR_039,6,30,32,20,2.2095,0.666666667,21.33333333,103.12,19.293,225.336,149.602,3/24/22,4/20/22,27
Hastings,2022,G1,2,4,182,NA,HR_121,HR_141,4,9,9,5,3.406,0.555555556,5,25.34,22.977,357.633,32.803,3/31/22,4/14/22,14
Hastings,2022,G1,2,4,183,NA,HR_156,HR_193,3,16,16,15,2.219861111,0.9375,15,43.65,22.247,305.667,58.073,3/31/22,4/27/22,27
Hastings,2022,G1,2,5,184,NA,HR_148,HR_050,6,48,53,62,4.830337194,1.291666667,68.45833333,292.99,24.389,407.3,30.982,3/24/22,5/11/22,48
Hastings,2022,G1,2,5,185,NA,HR_155,HR_047,5,2,2,7,3.415714286,3.5,7,NA,20.213,252.354,49.334,3/24/22,4/20/22,27
Hastings,2022,G1,2,5,186,NA,HR_090,HR_103,8,23,25,62,2.059157895,2.695652174,67.39130435,130.16,NA,NA,17.143,3/24/22,4/27/22,34
Hastings,2022,G1,2,5,187,NA,HR_200,HR_153,1,0,0,0,NA,0,0,NA,NA,NA,28.317,3/24/22,4/14/22,21
Hastings,2022,G1,2,5,188,NA,HR_196,HR_170,4,10,11,12,3.625833333,1.2,13.2,23.29,NA,NA,48.803,3/24/22,4/14/22,21
Hastings,2022,G1,2,5,189,NA,HR_139,HR_127,1,14,14,42,2.126666667,3,42,37.83,23.369,340.11,18.122,3/31/22,4/20/22,20
Hastings,2022,G1,2,5,190,NA,HR_135,HR_152,7,0,0,0,NA,0,0,NA,27.725,446.713,20.68,3/24/22,4/20/22,27
Hastings,2022,G1,2,5,191,NA,HR_148,HR_109,8,1,1,0,NA,0,0,14.32,NA,NA,NA,3/24/22,4/14/22,21
Hastings,2022,G1,2,5,192,NA,HR_195,HR_181,6,15,15,16,2.003928571,1.066666667,16,52.27,22.508,352.092,32.993,3/31/22,4/20/22,20
Hastings,2022,G1,2,5,193,NA,HR_057,HR_110,4,8,8,29,2.040384615,3.625,29,NA,24.243,365.756,67.654,3/31/22,4/14/22,14
Hastings,2022,G1,2,5,194,NA,HR_085,HR_176,6,9,9,15,2.384545455,1.666666667,15,28.87,NA,NA,NA,3/24/22,4/14/22,21
Hastings,2022,G1,2,5,195,NA,HR_066,HR_087,3,5,5,4,3.4825,0.8,4,15.51,23.107,330.134,39.536,3/24/22,4/14/22,21
Hastings,2022,G1,2,5,196,NA,HR_171,HR_073,5,16,18,24,1.940454545,1.5,27,38.86,19.332,196.326,12.534,3/24/22,4/27/22,34
Hastings,2022,G1,2,5,197,NA,HR_070,HR_123,6,7,8,12,2.590909091,1.714285714,13.71428571,21.31,NA,NA,16.417,3/24/22,4/14/22,21
Hastings,2022,G1,2,5,198,NA,HR_171,HR_057,5,9,9,15,1.56,1.666666667,15,22.81,23.496,324.969,21.455,3/31/22,4/14/22,14
Hastings,2022,G1,2,5,199,NA,HR_149,HR_065,4,14,14,29,1.356916667,2.071428571,29,33.07,22.118,329.085,5.882,3/31/22,4/20/22,20
Hastings,2022,G1,2,5,200,NA,HR_160,HR_033,6,14,14,7,4.261428571,0.5,7,57.98,21.729,282.726,41.2,3/24/22,5/5/22,42
Hastings,2022,G1,2,5,201,NA,HR_196,HR_054,5,2,2,1,6.86,0.5,1,5.63,NA,NA,21.253,3/31/22,4/7/22,7
Hastings,2022,G1,2,5,202,NA,HR_027,HR_119,1,11,11,31,1.547142857,2.818181818,31,39.2,24.103,356.289,15.393,3/31/22,4/27/22,27
Hastings,2022,G1,2,5,203,NA,HR_133,HR_072,6,7,7,16,3.442666667,2.285714286,16,24.96,25.891,394.224,21.377,3/31/22,4/27/22,27
Hastings,2022,G1,2,5,204,NA,HR_108,HR_177,6,10,10,17,2.258076923,1.7,17,38.67,24.257,349.193,28.891,3/31/22,4/20/22,20
Hastings,2022,G1,2,5,205,NA,HR_164,HR_201,6,13,14,5,1.8725,0.384615385,5.384615385,NA,18.805,215.831,32.095,3/31/22,4/20/22,20
Hastings,2022,G1,2,5,206,NA,HR_196,HR_183,3,3,4,6,2.12,2,8,NA,17.756,186.182,42.44,3/31/22,4/14/22,14
Hastings,2022,G1,2,5,207,NA,HR_125,HR_086,3,1,1,0,NA,0,0,NA,18.363,197.72,15.268,4/7/22,4/7/22,0
Hastings,2022,G1,2,5,208,NA,HR_062,HR_134,8,8,8,11,2.242727273,1.375,11,NA,22.112,242.486,12.007,3/31/22,4/14/22,14
Hastings,2022,G1,2,5,209,NA,HR_057,HR_006,1,1,2,1,1.76,1,2,NA,17.07,158.379,33.314,4/7/22,4/14/22,7
Hastings,2022,G1,2,5,210,NA,HR_156,HR_197,1,1,1,0,NA,0,0,12.01,20.603,238.092,16.404,4/7/22,4/14/22,7
Hastings,2022,G1,2,5,211,NA,HR_069,HR_133,5,0,0,0,NA,0,0,NA,19.787,241.684,27.839,3/31/22,4/14/22,14
Hastings,2022,G1,2,5,212,NA,HR_005,HR_180,8,16,17,46,1.56275,2.875,48.875,NA,19.845,231.931,12.291,3/31/22,4/20/22,20
Hastings,2022,G1,2,5,213,NA,HR_115,HR_131,2,3,3,0,NA,0,0,NA,21.93,293.265,74.945,3/31/22,4/27/22,27
Hastings,2022,G1,2,5,214,NA,HR_141,HR_044,3,13,14,4,4.011666667,0.307692308,4.307692308,NA,23.771,310.713,30.254,3/31/22,4/27/22,27
Hastings,2022,G1,2,5,215,NA,HR_147,HR_021,1,5,5,0,NA,0,0,19.36,20.825,266.613,39.296,3/31/22,4/20/22,20
Hastings,2022,G1,2,5,216,NA,HR_095,HR_124,6,3,4,1,1.58,0.333333333,1.333333333,13.72,19.179,233.675,68.053,3/31/22,4/20/22,20
Hastings,2022,G1,2,5,218,NA,HR_195,HR_068,7,1,1,0,NA,0,0,NA,19.36,189.367,29.372,3/31/22,4/7/22,7
Hastings,2022,G1,2,5,219,NA,HR_074,HR_066,3,5,5,7,2.17,1.4,7,28.82,NA,NA,19.049,3/24/22,4/27/22,34
Hastings,2022,G1,2,5,220,NA,HR_006,HR_142,6,5,5,10,1.497,2,10,9.2,NA,NA,37.694,3/24/22,4/14/22,21
Hastings,2022,G1,2,5,221,NA,HR_006,HR_162,6,7,7,8,3.04125,1.142857143,8,22.14,16.76,164.788,48,3/31/22,4/27/22,27
Hastings,2022,G1,2,5,222,NA,HR_095,HR_020,6,5,5,7,4.32125,1.4,7,NA,NA,NA,29.664,3/24/22,4/14/22,21
Hastings,2022,G1,2,5,223,NA,HR_070,HR_165,5,15,17,39,2.676648148,2.6,44.2,40.57,NA,NA,45.766,3/24/22,4/20/22,27
Hastings,2022,G1,2,5,224,NA,HR_139,HR_062,2,25,26,20,4.5590625,0.8,20.8,NA,22.574,269.825,35.302,3/24/22,5/5/22,42
Hastings,2022,G1,2,5,225,NA,HR_027,HR_043,1,11,11,23,2.132954545,2.090909091,23,45.15,24.711,406.579,16.076,3/24/22,4/14/22,21
Hastings,2022,G1,2,5,226,NA,HR_131,HR_046,4,0,0,0,NA,0,0,NA,22.781,325.938,65.886,3/24/22,4/14/22,21
Hastings,2022,G1,2,5,227,NA,HR_155,HR_009,6,19,20,23,3.585686275,1.210526316,24.21052632,71.95,23.256,362.325,42.584,3/24/22,4/20/22,27
Hastings,2022,G1,2,5,228,NA,HR_171,HR_001,5,13,14,14,2.459285714,1.076923077,15.07692308,31.35,21.644,255.534,27.602,3/24/22,4/14/22,21
Hastings,2022,G1,2,5,229,NA,HR_002,HR_056,7,19,19,44,2.59742735,2.315789474,44,24.78,20.674,281.933,22.218,3/24/22,4/27/22,34
Hastings,2022,G1,2,6,230,NA,HR_175,HR_027,5,20,27,44,2.176538462,2.2,59.4,104.14,22.417,303.427,19.24,3/31/22,4/27/22,27
Hastings,2022,G1,2,6,231,NA,HR_034,HR_112,7,0,0,0,NA,0,0,NA,18.373,236.482,57.813,3/24/22,4/7/22,14
Hastings,2022,G1,2,6,232,NA,HR_064,HR_028,1,11,21,30,2.383181818,2.727272727,57.27272727,NA,24.289,338.998,41.814,3/24/22,4/20/22,27
Hastings,2022,G1,2,6,233,NA,HR_053,HR_092,3,7,13,30,2.0396,4.285714286,55.71428571,27.56,21.487,259.706,45.023,3/24/22,4/14/22,21
Hastings,2022,G1,2,6,234,NA,HR_064,HR_019,4,14,15,2,3.095,0.142857143,2.142857143,NA,26.218,385.049,39.97,3/24/22,5/20/22,57
Hastings,2022,G1,2,6,235,NA,HR_180,HR_023,3,5,7,10,2.574,2,14,36.5,18.292,199.857,22.282,3/24/22,4/14/22,21
Hastings,2022,G1,2,6,236,NA,HR_115,HR_111,4,6,6,3,2.003333333,0.5,3,38.03,27.635,420.179,12.563,3/31/22,4/14/22,14
Hastings,2022,G1,2,6,237,NA,HR_139,HR_129,7,9,11,17,2.4765625,1.888888889,20.77777778,41.69,24.44,324.943,54.288,3/24/22,4/14/22,21
Hastings,2022,G1,2,6,239,NA,HR_200,HR_159,4,6,7,9,4.2,1.5,10.5,38.99,26.106,387.067,25.245,3/24/22,4/14/22,21
Hastings,2022,G1,2,6,240,NA,HR_100,HR_195,5,5,5,22,1.585454545,4.4,22,17.65,22.449,297.465,19.863,3/31/22,4/14/22,14
Hastings,2022,G1,2,6,241,NA,HR_168,HR_148,4,8,9,28,2.526785714,3.5,31.5,NA,24.561,380.956,29.484,3/24/22,4/14/22,21
Hastings,2022,G1,2,6,242,NA,HR_160,HR_079,1,7,7,4,3.9625,0.571428571,4,66.66,NA,NA,27.77,3/31/22,4/20/22,20
Hastings,2022,G1,2,6,243,NA,HR_168,HR_101,4,38,41,80,2.715321212,2.105263158,86.31578947,171.61,21.772,299.966,42.872,3/24/22,4/27/22,34
Hastings,2022,G1,2,6,244,NA,HR_110,HR_037,6,0,0,0,NA,0,0,NA,26.2,383.171,18.99,3/31/22,4/27/22,27
Hastings,2022,G1,2,6,245,NA,HR_088,HR_182,6,14,15,3,6.636666667,0.214285714,3.214285714,13.04,19.724,247.929,19.396,3/31/22,4/27/22,27
Hastings,2022,G1,2,6,246,NA,HR_155,HR_121,7,5,5,4,2.57,0.8,4,15.4,20.461,259.274,40.63,3/31/22,4/14/22,14
Hastings,2022,G1,2,6,247,NA,HR_074,HR_115,6,1,1,2,2.02,2,2,2.06,NA,NA,36.767,3/24/22,4/14/22,21
Hastings,2022,G1,2,6,248,NA,HR_088,HR_014,5,21,23,20,3.528660714,0.952380952,21.9047619,57.84,22.157,289.011,43.445,3/24/22,4/20/22,27
Hastings,2022,G1,2,6,249,NA,HR_157,HR_095,6,6,9,5,1.8825,0.833333333,7.5,36.86,24.326,322.076,52.003,3/24/22,4/7/22,14
Hastings,2022,G1,2,6,250,NA,HR_064,HR_190,4,7,9,6,2.209,0.857142857,7.714285714,23.01,23.859,287.711,42.777,3/24/22,4/14/22,21
Hastings,2022,G1,2,6,251,NA,HR_115,HR_026,2,10,10,6,1.88,0.6,6,41.32,26.754,352.758,28.454,3/31/22,4/14/22,14
Hastings,2022,G1,2,6,252,NA,HR_002,HR_059,4,8,8,7,2.715714286,0.875,7,32.49,24.593,362.884,24.235,3/31/22,4/20/22,20
Hastings,2022,G1,2,6,253,NA,HR_148,HR_114,7,8,8,16,2.6125,2,16,26.67,22.279,296.759,61.794,3/31/22,4/7/22,7
Hastings,2022,G1,2,6,254,NA,HR_180,HR_179,6,7,7,3,3.55,0.428571429,3,50.28,13.794,95.902,31.88,3/24/22,5/5/22,42
Hastings,2022,G1,2,6,255,NA,HR_100,HR_135,3,2,3,0,NA,0,0,13.76,NA,NA,30.68,3/31/22,4/14/22,14
Hastings,2022,G1,2,6,256,NA,HR_108,HR_016,8,23,25,8,2.076428571,0.347826087,8.695652174,88.83,24.633,386.49,12.967,3/24/22,4/27/22,34
Hastings,2022,G1,2,6,257,NA,HR_195,HR_104,2,4,5,2,2.86,0.5,2.5,19.74,19.007,232.267,20.841,3/24/22,4/20/22,27
Hastings,2022,G1,2,6,258,NA,HR_133,HR_161,7,9,9,6,2.575,0.666666667,6,29.94,20.6,262.351,40.215,3/24/22,4/7/22,14
Hastings,2022,G1,2,6,259,NA,HR_131,HR_113,5,16,17,13,1.868181818,0.8125,13.8125,46.36,17.592,214.011,22.29,3/24/22,4/20/22,27
Hastings,2022,G1,2,6,260,NA,HR_053,HR_038,7,0,0,0,NA,0,0,NA,21.427,279.294,31.778,3/24/22,4/20/22,27
Hastings,2022,G1,2,6,261,NA,HR_059,HR_155,4,11,12,9,2.886666667,0.818181818,9.818181818,NA,20.263,252.291,38.46,3/24/22,4/27/22,34
Hastings,2022,G1,2,6,262,NA,HR_157,HR_088,2,10,11,9,4.135833333,0.9,9.9,23.19,27.198,468.014,21.006,3/24/22,4/27/22,34
Hastings,2022,G1,2,6,263,NA,HR_121,HR_105,1,14,14,3,4.993333333,0.214285714,3,146.72,24.701,401.423,18.651,3/31/22,4/20/22,20
Hastings,2022,G1,2,6,264,NA,HR_189,HR_051,6,7,7,6,3.318,0.857142857,6,12.89,18.544,238.576,19.876,3/24/22,4/14/22,21
Hastings,2022,G1,2,6,265,NA,HR_141,HR_015,7,14,18,18,3.293333333,1.285714286,23.14285714,70.3,NA,NA,70.641,3/24/22,4/20/22,27
Hastings,2022,G1,2,6,266,NA,HR_095,HR_178,2,9,10,31,2.354516129,3.444444444,34.44444444,NA,22.809,337.462,57.25,3/24/22,4/14/22,21
Hastings,2022,G1,2,6,267,NA,HR_149,HR_174,7,4,4,1,2.52,0.25,1,NA,25.488,405.537,37.69,3/24/22,5/5/22,42
Hastings,2022,G1,2,6,268,NA,HR_164,HR_041,6,17,51,58,2.331193521,3.411764706,174,77.11,25.207,361.028,18.884,3/24/22,4/20/22,27
Hastings,2022,G1,2,6,269,NA,HR_156,HR_025,3,7,9,9,3.206428571,1.285714286,11.57142857,34.12,23.042,315.694,31.502,3/31/22,5/20/22,50
Hastings,2022,G1,2,6,270,NA,HR_062,HR_116,3,19,24,2,3.095,0.105263158,2.526315789,NA,22.887,335.73,41.819,3/24/22,5/24/22,61
Hastings,2022,G1,2,6,271,NA,HR_066,HR_137,4,13,17,15,2.974166667,1.153846154,19.61538462,44.22,22.933,330.678,31.377,3/24/22,4/14/22,21
Hastings,2022,G1,2,6,272,NA,HR_110,HR_032,3,1,1,0,NA,0,0,NA,21.074,282.158,NA,3/24/22,4/20/22,27
Hastings,2022,G1,2,6,273,NA,HR_189,HR_018,4,0,0,0,NA,0,0,NA,23.755,357.571,83.55,3/24/22,4/20/22,27
Hastings,2022,G1,2,6,274,NA,HR_005,HR_149,3,0,2,0,NA,0,0,NA,18.794,239.673,45.858,3/24/22,4/27/22,34
Hastings,2022,G1,3,7,275,NA,HR_066,HR_078,3,13,17,38,1.552889984,2.923076923,49.69230769,80.38,NA,NA,39.04,3/24/22,4/27/22,34
Hastings,2022,G1,3,7,276,NA,HR_180,HR_023,3,35,38,193,2.8817,5.514285714,209.5428571,263.14,24.471,344.705,24.841,3/24/22,4/14/22,21
Hastings,2022,G1,3,7,277,NA,HR_074,HR_070,2,23,25,71,2.070962963,3.086956522,77.17391304,230.01,NA,NA,56.344,3/24/22,4/27/22,34
Hastings,2022,G1,3,7,278,NA,HR_160,HR_173,3,1,2,0,NA,0,0,63.07,NA,NA,23.677,3/24/22,5/11/22,48
Hastings,2022,G1,3,7,279,NA,HR_100,HR_192,1,22,22,38,1.819920635,1.727272727,38,97.34,22.464,293.715,120.147,3/31/22,4/27/22,27
Hastings,2022,G1,3,7,280,NA,HR_195,HR_104,5,3,4,1,3.05,0.333333333,1.333333333,13.43,NA,NA,22.119,3/24/22,4/14/22,21
Hastings,2022,G1,3,7,281,NA,HR_133,HR_161,4,2,2,6,2.648333333,3,6,13.27,18.499,224.547,29.16,3/24/22,4/14/22,21
Hastings,2022,G1,3,7,282,NA,HR_064,HR_028,6,59,59,156,2.313040385,2.644067797,156,229.08,NA,NA,NA,3/24/22,4/27/22,34
Hastings,2022,G1,3,7,283,NA,HR_002,HR_059,7,29,29,41,4.008028708,1.413793103,41,146.17,26.462,451.304,29.833,3/24/22,5/5/22,42
Hastings,2022,G1,3,7,284,NA,HR_164,HR_005,3,18,18,43,1.853657895,2.388888889,43,NA,22.536,297.237,34.548,3/24/22,4/20/22,27
Hastings,2022,G1,3,7,285,NA,HR_070,HR_061,3,17,18,12,2.88625,0.705882353,12.70588235,51.97,23.659,338.484,25.939,3/24/22,4/27/22,34
Hastings,2022,G1,3,7,286,NA,HR_110,HR_032,1,2,2,17,2.02,8.5,17,NA,24.376,372.823,35.238,3/24/22,4/20/22,27
Hastings,2022,G1,3,7,287,NA,HR_108,HR_175,7,24,26,65,2.663641026,2.708333333,70.41666667,73.08,27.805,465.915,56.607,3/24/22,4/20/22,27
Hastings,2022,G1,3,7,288,NA,HR_005,HR_180,5,1,1,0,NA,0,0,NA,23.148,337.075,NA,3/24/22,4/7/22,14
Hastings,2022,G1,3,7,289,NA,HR_135,HR_152,2,6,8,4,2.93,0.666666667,5.333333333,NA,NA,NA,20.089,3/24/22,4/20/22,27
Hastings,2022,G1,3,7,290,NA,HR_059,HR_155,1,14,14,19,2.207222222,1.357142857,19,84.68,23.601,313.716,27.907,3/31/22,4/20/22,20
Hastings,2022,G1,3,7,291,NA,HR_171,HR_057,2,8,9,7,2.615714286,0.875,7.875,33.16,NA,NA,37.079,3/24/22,5/11/22,48
Hastings,2022,G1,3,7,292,NA,HR_088,HR_067,5,14,15,23,3.152954545,1.642857143,24.64285714,33.68,21.813,295.901,32.068,3/24/22,4/14/22,21
Hastings,2022,G1,3,7,293,NA,HR_034,HR_112,3,24,25,53,1.896944444,2.208333333,55.20833333,66.09,21.56,275.883,29.508,3/24/22,4/14/22,21
Hastings,2022,G1,3,7,294,NA,HR_062,HR_136,2,9,11,3,3.82,0.333333333,3.666666667,50.95,22.521,341.45,28.345,3/24/22,4/7/22,14
Hastings,2022,G1,3,7,295,NA,HR_131,HR_046,4,13,14,29,2.254059829,2.230769231,31.23076923,51.72,17.315,189.138,27.433,3/24/22,4/14/22,21
Hastings,2022,G1,3,7,296,NA,HR_002,HR_056,5,0,0,0,NA,0,0,NA,NA,NA,58.529,3/24/22,4/20/22,27
Hastings,2022,G1,3,7,297,NA,HR_200,HR_010,1,0,6,0,NA,0,0,NA,22.051,305.037,13.641,3/24/22,4/7/22,14
Hastings,2022,G1,3,7,298,NA,HR_006,HR_142,5,18,22,37,2.112988506,2.055555556,45.22222222,102.35,23.195,346.356,16.142,3/24/22,4/20/22,27
Hastings,2022,G1,3,7,299,NA,HR_066,HR_137,5,9,15,7,2.547777778,0.777777778,11.66666667,73.92,25.5,435.063,20.992,3/24/22,4/20/22,27
Hastings,2022,G1,3,7,300,NA,HR_034,HR_017,3,8,8,4,2.1925,0.5,4,48.62,18.8,239.914,31.797,3/24/22,4/14/22,21
Hastings,2022,G1,3,7,301,NA,HR_008,HR_058,2,0,0,0,NA,0,0,NA,18.71,242.284,49.525,3/24/22,4/7/22,14
Hastings,2022,G1,3,7,302,NA,HR_180,HR_179,5,13,13,6,2.456666667,0.461538462,6,43.99,23.2,331.431,44.408,3/24/22,4/27/22,34
Hastings,2022,G1,3,7,303,NA,HR_196,HR_054,4,3,3,4,3.455,1.333333333,4,NA,21.2,309.488,22.347,3/24/22,4/27/22,34
Hastings,2022,G1,3,7,304,NA,HR_164,HR_201,4,8,8,4,4.13,0.5,4,49.18,25.3,421.384,24.693,3/24/22,4/14/22,21
Hastings,2022,G1,3,7,305,NA,HR_141,HR_015,2,21,25,38,2.335366667,1.80952381,45.23809524,88.71,26.5,486.078,55.482,3/24/22,4/20/22,27
Hastings,2022,G1,3,7,306,NA,HR_070,HR_165,3,12,13,4,2.193333333,0.333333333,4.333333333,35.06,25.4,436.138,44.22,3/24/22,4/20/22,27
Hastings,2022,G1,3,7,307,NA,HR_141,HR_184,7,0,0,0,NA,0,0,NA,23.89,311.058,30.24,3/24/22,4/14/22,21
Hastings,2022,G1,3,7,308,NA,HR_095,HR_124,8,3,3,3,3.866666667,1,3,30.5,16.62,196.03,44.332,3/24/22,5/11/22,48
Hastings,2022,G1,3,7,309,NA,HR_148,HR_114,3,11,14,22,2.58982906,2,28,49.2,23.17,348.3,29.751,3/24/22,4/27/22,34
Hastings,2022,G1,3,7,310,NA,HR_139,HR_127,2,10,12,11,2.160555556,1.1,13.2,40.84,18.35,203.348,34.486,3/24/22,4/20/22,27
Hastings,2022,G1,3,7,311,NA,HR_088,HR_182,7,6,6,4,1.615,0.666666667,4,NA,25.636,373.492,39.652,3/24/22,4/14/22,21
Hastings,2022,G1,3,7,312,NA,HR_057,HR_147,2,0,0,0,NA,0,0,NA,21.67,317.681,NA,3/24/22,4/14/22,21
Hastings,2022,G1,3,7,313,NA,HR_062,HR_134,5,0,0,0,NA,0,0,NA,20.465,252.463,20.589,3/16/22,4/27/22,42
Hastings,2022,G1,3,7,314,NA,HR_149,HR_065,1,14,15,13,2.614615385,0.928571429,13.92857143,53.49,19.068,241.354,20.495,3/24/22,4/20/22,27
Hastings,2022,G1,3,7,315,NA,HR_171,HR_001,5,18,23,51,1.888958333,2.833333333,65.16666667,64.85,24.9,343.667,29.13,3/16/22,4/14/22,29
Hastings,2022,G1,3,7,316,NA,HR_196,HR_183,1,6,6,5,2.758,0.833333333,5,23.08,22.51,312.469,41.932,3/24/22,4/14/22,21
Hastings,2022,G1,3,7,317,NA,HR_168,HR_148,7,10,15,30,2.7126,3,45,36.26,24.322,365.257,18.613,3/24/22,4/20/22,27
Hastings,2022,G1,3,7,318,NA,HR_069,HR_156,7,16,19,23,2.606262626,1.4375,27.3125,64.63,23.647,310.299,22.497,3/24/22,4/14/22,21
Hastings,2022,G1,3,7,319,NA,HR_131,HR_049,1,7,8,4,3.5075,0.571428571,4.571428571,30.46,18.538,185.362,43.751,3/24/22,4/14/22,21
Hastings,2022,G1,3,7,320,NA,HR_115,HR_131,1,22,22,28,1.665079365,1.272727273,28,129.75,22.832,338.808,78.586,3/31/22,4/20/22,20
Hastings,2022,G1,3,8,321,NA,HR_121,HR_139,1,23,27,49,3.106232057,2.130434783,57.52173913,NA,18.96,210.864,23.669,3/24/22,5/5/22,42
Hastings,2022,G1,3,8,322,NA,HR_064,HR_019,3,29,29,10,5.282619048,0.344827586,10,NA,22.309,298.477,72.063,3/24/22,5/20/22,57
Hastings,2022,G1,3,8,323,NA,HR_155,HR_121,1,0,0,0,NA,0,0,NA,22.76,309.545,40.026,3/24/22,4/7/22,14
Hastings,2022,G1,3,8,324,NA,HR_147,HR_150,2,0,0,0,NA,0,0,NA,23.025,309.42,21.732,3/24/22,4/7/22,14
Hastings,2022,G1,3,8,325,NA,HR_053,HR_092,2,5,8,16,2.360777778,3.2,25.6,22.44,17.936,188.59,29.033,3/24/22,4/7/22,14
Hastings,2022,G1,3,8,326,NA,HR_164,HR_041,6,15,18,50,3.114481481,3.333333333,60,93.16,26.981,450.979,16.033,3/16/22,4/14/22,29
Hastings,2022,G1,3,8,327,NA,HR_160,HR_033,7,4,5,2,5.59,0.5,2.5,NA,17.01,212.865,29.665,3/24/22,4/7/22,14
Hastings,2022,G1,3,8,328,NA,HR_053,HR_169,6,10,11,11,3.609583333,1.1,12.1,45.48,21.99,327.295,28.466,3/24/22,4/27/22,34
Hastings,2022,G1,3,8,329,NA,HR_133,HR_072,5,6,6,0,NA,0,0,34.63,23.71,313.933,50.707,3/24/22,4/14/22,21
Hastings,2022,G1,3,8,330,NA,HR_108,HR_177,2,9,10,25,1.742,2.777777778,27.77777778,18.12,24.18,367.707,24.957,3/24/22,4/20/22,27
Hastings,2022,G1,3,8,331,NA,HR_189,HR_051,8,14,19,2,2.165,0.142857143,2.714285714,53.79,23.06,340.541,13.8,3/24/22,4/7/22,14
Hastings,2022,G1,3,8,332,NA,HR_175,HR_164,3,15,17,49,2.564619048,3.266666667,55.53333333,73.3,12.51,110.389,52.428,3/24/22,4/20/22,27
Hastings,2022,G1,3,8,333,NA,HR_027,HR_119,6,14,15,79,2.439638462,5.642857143,84.64285714,NA,27.064,430.363,16.55,3/24/22,4/20/22,27
Hastings,2022,G1,3,8,334,NA,HR_121,HR_141,6,0,0,0,NA,0,0,NA,26.104,448.11,10.546,3/24/22,4/14/22,21
Hastings,2022,G1,3,8,335,NA,HR_133,HR_158,3,0,0,0,NA,0,0,NA,20.1,245.269,61.334,3/24/22,4/14/22,21
Hastings,2022,G1,3,8,336,NA,HR_115,HR_026,2,9,11,4,2.9725,0.444444444,4.888888889,60.32,20.252,271.471,48.164,3/24/22,4/20/22,27
Hastings,2022,G1,3,8,337,NA,HR_095,HR_178,6,22,24,24,3.446190476,1.090909091,26.18181818,104.02,22.071,301.219,45.201,3/24/22,5/20/22,57
Hastings,2022,G1,3,8,338,NA,HR_008,HR_042,8,12,14,2,7.45,0.166666667,2.333333333,92.52,25.366,367.386,30.746,3/24/22,4/20/22,27
Hastings,2022,G1,3,8,339,NA,HR_008,HR_012,1,17,17,33,2.134426471,1.941176471,33,91.74,22.709,313.946,17.051,3/24/22,4/20/22,27
Hastings,2022,G1,3,8,340,NA,HR_200,HR_153,3,11,11,15,1.740555556,1.363636364,15,NA,NA,NA,26.154,3/24/22,4/7/22,14
Hastings,2022,G1,3,8,341,NA,HR_069,HR_133,5,12,16,21,2.280320513,1.75,28,43.94,16.317,NA,31.297,3/16/22,4/20/22,35
Hastings,2022,G1,3,8,342,NA,HR_057,HR_110,1,9,9,8,1.648888889,0.888888889,8,16,19.849,248.886,15.862,3/24/22,4/20/22,27
Hastings,2022,G1,3,8,343,NA,HR_027,HR_145,4,3,3,4,1.71,1.333333333,4,NA,17.091,188.85,34.312,3/24/22,4/20/22,27
Hastings,2022,G1,3,8,344,NA,HR_115,HR_111,1,13,13,4,3.9225,0.307692308,4,78.72,20.284,249.182,43.022,3/31/22,5/5/22,35
Hastings,2022,G1,3,8,345,NA,HR_006,HR_162,7,7,8,4,2.55,0.571428571,4.571428571,20.25,20.139,242.402,23.144,3/24/22,4/27/22,34
Hastings,2022,G1,3,8,346,NA,HR_148,HR_109,3,5,6,7,4.345,1.4,8.4,23.4,18.069,201.288,40.175,3/24/22,4/7/22,14
Hastings,2022,G1,3,8,348,NA,HR_149,HR_007,3,1,3,0,NA,0,0,13.24,18.956,228.121,62.828,3/24/22,4/7/22,14
Hastings,2022,G1,3,8,349,NA,HR_085,HR_176,8,17,22,18,3.633585859,1.058823529,23.29411765,115.28,NA,NA,45.894,3/24/22,4/20/22,27
Hastings,2022,G1,3,8,350,NA,HR_168,HR_064,1,6,6,0,NA,0,0,33.18,18.031,191.469,14.396,3/24/22,4/14/22,21
Hastings,2022,G1,3,8,351,NA,HR_057,HR_006,1,5,5,2,3.86,0.4,2,10.4,23.027,328.222,31.741,3/31/22,4/14/22,14
Hastings,2022,G1,3,8,352,NA,HR_074,HR_115,6,10,10,8,2.897,0.8,8,NA,NA,NA,NA,3/24/22,5/5/22,42
Hastings,2022,G1,3,8,353,NA,HR_135,HR_083,5,13,16,21,2.866388889,1.615384615,25.84615385,NA,21.471,273.173,32.188,3/16/22,4/14/22,29
Hastings,2022,G1,3,8,354,NA,HR_059,HR_166,3,5,5,1,2.29,0.2,1,18.05,25.651,399.137,74.278,3/24/22,4/20/22,27
Hastings,2022,G1,3,8,355,NA,HR_157,HR_088,5,34,34,56,3.236673784,1.647058824,56,139.18,NA,NA,28.018,3/24/22,4/20/22,27
Hastings,2022,G1,3,8,356,NA,HR_189,HR_168,2,9,10,10,3.45,1.111111111,11.11111111,NA,21.841,314.528,23.18,3/24/22,5/20/22,57
Hastings,2022,G1,3,8,357,NA,HR_195,HR_068,7,14,18,6,1.853333333,0.428571429,7.714285714,57.35,25.194,NA,37.165,3/16/22,4/14/22,29
Hastings,2022,G1,3,8,358,NA,HR_195,HR_181,6,16,17,29,2.462142857,1.8125,30.8125,75.93,NA,NA,29.637,3/24/22,5/20/22,57
Hastings,2022,G1,3,8,359,NA,HR_125,HR_034,6,7,7,6,1.765,0.857142857,6,37.26,NA,NA,35.357,3/24/22,4/7/22,14
Hastings,2022,G1,3,8,360,NA,HR_189,HR_018,6,20,20,32,4.105992424,1.6,32,58.61,22.211,329.174,50.855,3/10/22,4/20/22,41
Hastings,2022,G1,3,8,361,NA,HR_095,HR_020,7,0,0,0,NA,0,0,NA,24.136,356.642,54.611,3/24/22,4/14/22,21
Hastings,2022,G1,3,8,362,NA,HR_062,HR_116,7,3,5,5,3.704,1.666666667,8.333333333,NA,20.661,284.572,60.955,3/16/22,4/14/22,29
Hastings,2022,G1,3,8,363,NA,HR_088,HR_014,1,6,10,6,1.803333333,1,10,NA,22.243,275.33,7.121,3/24/22,4/7/22,14
Hastings,2022,G1,3,8,364,NA,HR_005,HR_040,8,24,27,20,2.622,0.833333333,22.5,108.76,20.254,230.579,24.072,3/24/22,4/20/22,27
Hastings,2022,G1,3,8,365,NA,HR_002,HR_071,5,19,20,4,3.141666667,0.210526316,4.210526316,44.62,23.192,291.149,15.704,3/24/22,4/14/22,21
Hastings,2022,G1,3,8,366,NA,HR_160,HR_079,8,1,1,5,2.196,5,5,11.67,21.972,294.902,35.123,3/16/22,3/31/22,15
Hastings,2022,G1,3,9,367,NA,HR_156,HR_193,1,40,43,137,2.344665497,3.425,147.275,NA,22.329,313.593,40.779,3/24/22,5/11/22,48
Hastings,2022,G1,3,9,368,NA,HR_108,HR_016,2,7,7,10,4.996666667,1.428571429,10,37.13,24.091,332.455,53.877,3/24/22,4/20/22,27
Hastings,2022,G1,3,9,369,NA,HR_064,HR_190,7,8,10,18,4.204519231,2.25,22.5,21.97,24.318,329.411,36.756,3/16/22,3/31/22,15
Hastings,2022,G1,3,9,370,NA,HR_135,HR_004,4,6,8,13,1.673968254,2.166666667,17.33333333,NA,21.167,280.031,16.754,3/24/22,4/7/22,14
Hastings,2022,G1,3,9,371,NA,HR_131,HR_113,4,12,14,26,2.678958333,2.166666667,30.33333333,41.53,20.857,274.964,34.656,3/24/22,4/14/22,21
Hastings,2022,G1,3,9,372,NA,HR_155,HR_009,7,7,12,16,2.392916667,2.285714286,27.42857143,64.93,22.947,314.017,27.919,3/24/22,4/7/22,14
Hastings,2022,G1,3,9,373,NA,HR_090,HR_103,1,7,11,5,2.908333333,0.714285714,7.857142857,31.21,26.403,426.025,28.979,3/24/22,4/7/22,14
Hastings,2022,G1,3,9,374,NA,HR_171,HR_073,4,11,15,12,1.875,1.090909091,16.36363636,NA,20.884,222.242,33.088,3/24/22,4/7/22,14
Hastings,2022,G1,3,9,375,NA,HR_005,HR_149,7,8,9,1,2.21,0.125,1.125,NA,20.468,293.099,29.663,3/16/22,4/14/22,29
Hastings,2022,G1,3,9,376,NA,HR_147,HR_021,8,7,8,11,4.510535714,1.571428571,12.57142857,24.38,25.071,375.797,34.635,3/24/22,4/20/22,27
Hastings,2022,G1,3,9,377,NA,HR_125,HR_086,3,5,6,12,2.205454545,2.4,14.4,NA,19.859,230.571,24.403,3/24/22,4/7/22,14
Hastings,2022,G1,3,9,378,NA,HR_121,HR_105,5,9,9,43,1.650910714,4.777777778,43,26,NA,NA,33.045,3/24/22,4/7/22,14
Hastings,2022,G1,3,9,379,NA,HR_069,HR_108,1,28,28,10,5.775,0.357142857,10,138.82,22.931,315.161,18.911,3/24/22,4/27/22,34
Hastings,2022,G1,3,9,380,NA,HR_157,HR_085,8,24,31,38,2.640779915,1.583333333,49.08333333,184.91,25.248,384.302,14.113,3/16/22,4/20/22,35
Hastings,2022,G1,3,9,381,NA,HR_156,HR_197,4,4,4,5,2.710833333,1.25,5,7.3,20.436,245.297,39.97,3/24/22,4/7/22,14
Hastings,2022,G1,3,9,382,NA,HR_006,HR_146,5,14,16,1,2.47,0.071428571,1.142857143,52.69,22.124,309.187,38.107,3/24/22,4/14/22,21
Hastings,2022,G1,3,9,383,NA,HR_157,HR_095,3,10,11,25,2.6995,2.5,27.5,108.48,26.107,425.06,83.734,3/24/22,5/20/22,57
Hastings,2022,G1,3,9,384,NA,HR_090,HR_053,4,24,24,28,2.665519481,1.166666667,28,80.99,23.153,326.711,47.791,3/24/22,4/20/22,27
Hastings,2022,G1,3,9,385,NA,HR_175,HR_196,6,17,17,29,2.862428571,1.705882353,29,104,23.528,291.693,32.192,3/31/22,4/20/22,20
Hastings,2022,G1,3,9,386,NA,HR_168,HR_101,6,2,2,6,1.608333333,3,6,NA,19.862,224.771,52.218,3/16/22,4/20/22,35
Hastings,2022,G1,3,9,387,NA,HR_175,HR_027,3,2,4,7,3.24,3.5,14,NA,25.964,405.05,31.125,3/24/22,4/7/22,14
Hastings,2022,G1,3,9,388,NA,HR_100,HR_135,2,9,9,7,3.987142857,0.777777778,7,34.55,25.096,407.621,33.845,3/24/22,4/20/22,27
Hastings,2022,G1,3,9,389,NA,HR_066,HR_087,4,35,37,39,3.543294118,1.114285714,41.22857143,166.08,23.092,351.737,27.818,3/24/22,4/27/22,34
Hastings,2022,G1,3,9,390,NA,HR_059,HR_011,8,35,36,72,2.275419048,2.057142857,74.05714286,133.27,22.001,295.43,40.154,3/16/22,4/7/22,22
Hastings,2022,G1,3,9,391,NA,HR_148,HR_050,7,15,15,21,3.797521368,1.4,21,70.81,25.675,424.541,50.96,3/24/22,4/14/22,21
Hastings,2022,G1,3,9,392,NA,HR_155,HR_047,7,16,17,32,3.266659091,2,34,110.49,25.13,401.3,44.175,3/16/22,4/14/22,29
Hastings,2022,G1,3,9,393,NA,HR_027,HR_043,4,14,15,20,3.880833333,1.428571429,21.42857143,33.4,23.986,364.686,24.808,3/24/22,4/7/22,14
Hastings,2022,G1,3,9,394,NA,HR_070,HR_123,8,21,25,23,2.762777778,1.095238095,27.38095238,NA,24.183,362,32.458,3/16/22,5/20/22,65
Hastings,2022,G1,3,9,395,NA,HR_141,HR_044,6,4,4,9,3.405,2.25,9,NA,23.888,337.238,22.335,3/16/22,4/27/22,42
Hastings,2022,G1,3,9,396,NA,HR_085,HR_035,3,8,11,16,3.05625,2,22,38.31,25.642,397.493,11.405,3/24/22,4/20/22,27
Hastings,2022,G1,3,9,397,NA,HR_147,HR_118,1,15,20,17,2.826944444,1.133333333,22.66666667,NA,20.065,261.38,50.656,3/24/22,4/14/22,21
Hastings,2022,G1,3,9,398,NA,HR_090,HR_126,8,0,0,0,NA,0,0,NA,NA,NA,22.21,3/24/22,3/24/22,0
Hastings,2022,G1,3,9,399,NA,HR_196,HR_170,7,27,31,55,2.528818841,2.037037037,63.14814815,78.62,20.687,256.567,29.884,3/10/22,4/20/22,41
Hastings,2022,G1,3,9,400,NA,HR_034,HR_080,4,18,18,17,2.237222222,0.944444444,17,77.51,19.525,230.342,71.531,3/24/22,4/14/22,21
Hastings,2022,G1,3,9,401,NA,HR_053,HR_038,7,28,54,34,3.386375661,1.214285714,65.57142857,108.2,23.652,327.494,72.563,3/24/22,4/27/22,34
Hastings,2022,G1,3,9,402,NA,HR_074,HR_066,5,13,17,46,2.259464286,3.538461538,60.15384615,90.57,18.906,228.981,40.864,3/16/22,4/20/22,35
Hastings,2022,G1,3,9,403,NA,HR_139,HR_062,5,0,0,0,NA,0,0,NA,18.978,228.327,33.298,3/10/22,4/14/22,35
Hastings,2022,G1,3,9,404,NA,HR_139,HR_129,1,11,14,12,2.897727273,1.090909091,15.27272727,29.89,22.005,287.24,34.235,3/24/22,4/20/22,27
Hastings,2022,G1,3,9,405,NA,HR_110,HR_039,2,21,24,50,1.963089718,2.380952381,57.14285714,67.64,21.745,284.171,32.206,3/24/22,4/14/22,21
Hastings,2022,G1,3,9,406,NA,HR_110,HR_037,6,11,12,33,NA,3,36,68.07,21.916,285.516,15.874,3/10/22,4/14/22,35
Hastings,2022,G1,3,9,407,NA,HR_085,HR_107,1,2,3,1,3.58,0.5,1.5,13,19.438,234.632,66.282,3/24/22,4/7/22,14
Hastings,2022,G1,3,9,408,NA,HR_200,HR_159,5,9,14,7,2.453333333,0.777777778,10.88888889,32.84,22.741,311.998,14.771,3/10/22,4/7/22,28
Hastings,2022,G1,3,9,409,NA,HR_100,HR_195,7,9,15,18,2.529444444,2,30,24.72,NA,NA,18.896,3/24/22,4/20/22,27
Hastings,2022,G1,3,9,410,NA,HR_180,HR_036,8,0,0,0,NA,0,0,102.02,17.317,188.393,24.193,3/16/22,4/20/22,35
Hastings,2022,G1,3,9,411,NA,HR_149,HR_174,6,17,26,25,3.341319444,1.470588235,38.23529412,139.67,24.023,341.759,48.019,3/16/22,5/24/22,69